"SYSTEM", "1", "SYSTEM", "System Start", ""
"main", "2", "SYSTEM", "Thread Start", "main (1)"
"main", "3", "SYSTEM", "Type Load", "class=java.lang.Object"
"main", "4", "SYSTEM", "Type Load", "class=jdk.internal.util.EnvUtils"
"main", "5", "SYSTEM", "Method Call", "caller=SYSTEM, target=Lsun/misc/PostVMInitHook;.trackJavaUsage()"
"main", "6", "SYSTEM", "Method Call", "caller=Lsun/misc/PostVMInitHook;.trackJavaUsage(), target=Lsun/misc/PostVMInitHook;.trackJavaUsage()"
"main", "7", "SYSTEM", "Method Call", "caller=Lsun/misc/PostVMInitHook;.trackJavaUsage(), target=Lsun/misc/PostVMInitHook;.getConfigFilePrivileged()"
"main", "8", "SYSTEM", "Method Call", "caller=Lsun/misc/PostVMInitHook;.getConfigFilePrivileged(), target=Lsun/misc/PostVMInitHook;.getOSSpecificConfigFilePath()"
"main", "9", "SYSTEM", "Method Call", "caller=Lsun/misc/PostVMInitHook;.getOSSpecificConfigFilePath(), target=Lsun/misc/PostVMInitHook;.getEnvPrivileged(Ljava/lang/String;)"
"main", "10", "SYSTEM", "Method Call", "caller=Lsun/misc/PostVMInitHook;.getEnvPrivileged(Ljava/lang/String;), target=Ljava/security/AccessController;.doPrivileged(Ljava/security/PrivilegedAction;)"
"main", "11", "SYSTEM", "Method Call", "caller=Ljava/security/AccessController;.doPrivileged(Ljava/security/PrivilegedAction;), target=Lsun/misc/PostVMInitHook$2;.run() <BRIDGE>"
"main", "12", "SYSTEM", "Method Call", "caller=Lsun/misc/PostVMInitHook$2;.run() <BRIDGE>, target=Lsun/misc/PostVMInitHook$2;.run() <BRIDGE>"
"main", "13", "SYSTEM", "Method Call", "caller=Lsun/misc/PostVMInitHook$2;.run() <BRIDGE>, target=jdk.internal.util.EnvUtils#getEnvVar:1"
"main", "14", "SYSTEM", "Method Entered", ""
"main", "15", "SYSTEM", "Variable Write", "context=jdk.internal.util.EnvUtils#getEnvVar:1, result=""C:\ProgramData"""
"main", "16", "SYSTEM", "Method Exit", "returner=jdk.internal.util.EnvUtils#getEnvVar:1, value=""C:\ProgramData"""
"main", "17", "SYSTEM", "Method Exit", "returner=Lsun/misc/PostVMInitHook$2;.run() <BRIDGE>, value=<void>"
"main", "18", "SYSTEM", "Method Exit", "returner=Lsun/misc/PostVMInitHook$2;.run() <BRIDGE>, value=<void>"
"main", "19", "SYSTEM", "Method Exit", "returner=Ljava/security/AccessController;.doPrivileged(Ljava/security/PrivilegedAction;), value=<void>"
"main", "20", "SYSTEM", "Method Exit", "returner=Lsun/misc/PostVMInitHook;.getEnvPrivileged(Ljava/lang/String;), value=<void>"
"main", "21", "SYSTEM", "Method Exit", "returner=Lsun/misc/PostVMInitHook;.getOSSpecificConfigFilePath(), value=<void>"
"main", "22", "SYSTEM", "Method Exit", "returner=Lsun/misc/PostVMInitHook;.getConfigFilePrivileged(), value=<void>"
"main", "23", "SYSTEM", "Method Call", "caller=Lsun/misc/PostVMInitHook;.trackJavaUsage(), target=Ljava/security/AccessController;.doPrivileged(Ljava/security/PrivilegedAction;)"
"main", "24", "SYSTEM", "Method Call", "caller=Ljava/security/AccessController;.doPrivileged(Ljava/security/PrivilegedAction;), target=Ljava/security/AccessController;.doPrivileged(Ljava/security/PrivilegedAction;)"
"main", "25", "SYSTEM", "Method Call", "caller=Ljava/security/AccessController;.doPrivileged(Ljava/security/PrivilegedAction;), target=Lsun/usagetracker/UsageTrackerClient$4;.run() <BRIDGE>"
"main", "26", "SYSTEM", "Method Call", "caller=Lsun/usagetracker/UsageTrackerClient$4;.run() <BRIDGE>, target=Lsun/usagetracker/UsageTrackerClient$4;.run() <BRIDGE>"
"main", "27", "SYSTEM", "Method Call", "caller=Lsun/usagetracker/UsageTrackerClient$4;.run() <BRIDGE>, target=Lsun/usagetracker/UsageTrackerClient;.access$000(Lsun/usagetracker/UsageTrackerClient;J) <SYNTHETIC>"
"main", "28", "SYSTEM", "Method Call", "caller=Lsun/usagetracker/UsageTrackerClient;.access$000(Lsun/usagetracker/UsageTrackerClient;J) <SYNTHETIC>, target=Lsun/usagetracker/UsageTrackerClient;.setupAndTimestamp(J)"
"main", "29", "SYSTEM", "Method Call", "caller=Lsun/usagetracker/UsageTrackerClient;.setupAndTimestamp(J), target=Lsun/usagetracker/UsageTrackerClient;.getConfigFilePrivileged()"
"main", "30", "SYSTEM", "Method Call", "caller=Lsun/usagetracker/UsageTrackerClient;.getConfigFilePrivileged(), target=Lsun/usagetracker/UsageTrackerClient;.getOSSpecificConfigFilePath()"
"main", "31", "SYSTEM", "Method Call", "caller=Lsun/usagetracker/UsageTrackerClient;.getOSSpecificConfigFilePath(), target=Lsun/usagetracker/UsageTrackerClient;.getEnvPrivileged(Ljava/lang/String;)"
"main", "32", "SYSTEM", "Method Call", "caller=Lsun/usagetracker/UsageTrackerClient;.getEnvPrivileged(Ljava/lang/String;), target=Ljava/security/AccessController;.doPrivileged(Ljava/security/PrivilegedAction;)"
"main", "33", "SYSTEM", "Method Call", "caller=Ljava/security/AccessController;.doPrivileged(Ljava/security/PrivilegedAction;), target=Lsun/usagetracker/UsageTrackerClient$2;.run() <BRIDGE>"
"main", "34", "SYSTEM", "Method Call", "caller=Lsun/usagetracker/UsageTrackerClient$2;.run() <BRIDGE>, target=Lsun/usagetracker/UsageTrackerClient$2;.run() <BRIDGE>"
"main", "35", "SYSTEM", "Method Returned", ""
"main", "36", "SYSTEM", "Method Call", "caller=Lsun/usagetracker/UsageTrackerClient$2;.run() <BRIDGE>, target=jdk.internal.util.EnvUtils#getEnvVar:2"
"main", "37", "SYSTEM", "Method Entered", ""
"main", "38", "SYSTEM", "Variable Write", "context=jdk.internal.util.EnvUtils#getEnvVar:2, result=""C:\Program Files"""
"main", "39", "SYSTEM", "Method Exit", "returner=jdk.internal.util.EnvUtils#getEnvVar:2, value=""C:\Program Files"""
"main", "40", "SYSTEM", "Method Exit", "returner=Lsun/usagetracker/UsageTrackerClient$2;.run() <BRIDGE>, value=<void>"
"main", "41", "SYSTEM", "Method Exit", "returner=Lsun/usagetracker/UsageTrackerClient$2;.run() <BRIDGE>, value=<void>"
"main", "42", "SYSTEM", "Method Exit", "returner=Ljava/security/AccessController;.doPrivileged(Ljava/security/PrivilegedAction;), value=<void>"
"main", "43", "SYSTEM", "Method Exit", "returner=Lsun/usagetracker/UsageTrackerClient;.getEnvPrivileged(Ljava/lang/String;), value=<void>"
"main", "44", "SYSTEM", "Method Exit", "returner=Lsun/usagetracker/UsageTrackerClient;.getOSSpecificConfigFilePath(), value=<void>"
"main", "45", "SYSTEM", "Method Exit", "returner=Lsun/usagetracker/UsageTrackerClient;.getConfigFilePrivileged(), value=<void>"
"main", "46", "SYSTEM", "Method Call", "caller=Lsun/usagetracker/UsageTrackerClient;.setupAndTimestamp(J), target=Lsun/usagetracker/UsageTrackerClient;.getEnvPrivileged(Ljava/lang/String;)"
"main", "47", "SYSTEM", "Method Call", "caller=Lsun/usagetracker/UsageTrackerClient;.getEnvPrivileged(Ljava/lang/String;), target=Lsun/usagetracker/UsageTrackerClient;.getEnvPrivileged(Ljava/lang/String;)"
"main", "48", "SYSTEM", "Method Call", "caller=Lsun/usagetracker/UsageTrackerClient;.getEnvPrivileged(Ljava/lang/String;), target=Ljava/security/AccessController;.doPrivileged(Ljava/security/PrivilegedAction;)"
"main", "49", "SYSTEM", "Method Call", "caller=Ljava/security/AccessController;.doPrivileged(Ljava/security/PrivilegedAction;), target=Lsun/usagetracker/UsageTrackerClient$2;.run() <BRIDGE>"
"main", "50", "SYSTEM", "Method Call", "caller=Lsun/usagetracker/UsageTrackerClient$2;.run() <BRIDGE>, target=Lsun/usagetracker/UsageTrackerClient$2;.run() <BRIDGE>"
"main", "51", "SYSTEM", "Method Returned", ""
"main", "52", "SYSTEM", "Method Call", "caller=Lsun/usagetracker/UsageTrackerClient$2;.run() <BRIDGE>, target=jdk.internal.util.EnvUtils#getEnvVar:3"
"main", "53", "SYSTEM", "Method Entered", ""
"main", "54", "SYSTEM", "Variable Write", "context=jdk.internal.util.EnvUtils#getEnvVar:3, result=""C:\ProgramData"""
"main", "55", "SYSTEM", "Method Exit", "returner=jdk.internal.util.EnvUtils#getEnvVar:3, value=""C:\ProgramData"""
"main", "56", "SYSTEM", "Type Load", "class=A5_Part2"
"main", "57", "A5_Part2.java:17", "Method Exit", "returner=Lsun/usagetracker/UsageTrackerClient$2;.run() <BRIDGE>, value=<void>"
"main", "58", "A5_Part2.java:17", "Method Exit", "returner=Lsun/usagetracker/UsageTrackerClient$2;.run() <BRIDGE>, value=<void>"
"main", "59", "A5_Part2.java:17", "Method Exit", "returner=Ljava/security/AccessController;.doPrivileged(Ljava/security/PrivilegedAction;), value=<void>"
"main", "60", "A5_Part2.java:17", "Method Exit", "returner=Lsun/usagetracker/UsageTrackerClient;.getEnvPrivileged(Ljava/lang/String;), value=<void>"
"main", "61", "A5_Part2.java:17", "Method Exit", "returner=Lsun/usagetracker/UsageTrackerClient;.getEnvPrivileged(Ljava/lang/String;), value=<void>"
"main", "62", "A5_Part2.java:17", "Method Exit", "returner=Lsun/usagetracker/UsageTrackerClient;.setupAndTimestamp(J), value=<void>"
"main", "63", "SYSTEM", "Method Exit", "returner=Lsun/usagetracker/UsageTrackerClient;.access$000(Lsun/usagetracker/UsageTrackerClient;J) <SYNTHETIC>, value=<void>"
"main", "64", "A5_Part2.java:17", "Method Exit", "returner=Lsun/usagetracker/UsageTrackerClient$4;.run() <BRIDGE>, value=<void>"
"main", "65", "A5_Part2.java:17", "Method Exit", "returner=Lsun/usagetracker/UsageTrackerClient$4;.run() <BRIDGE>, value=<void>"
"main", "66", "A5_Part2.java:17", "Method Exit", "returner=Ljava/security/AccessController;.doPrivileged(Ljava/security/PrivilegedAction;), value=<void>"
"main", "67", "A5_Part2.java:17", "Method Exit", "returner=Ljava/security/AccessController;.doPrivileged(Ljava/security/PrivilegedAction;), value=<void>"
"main", "68", "A5_Part2.java:17", "Method Exit", "returner=Lsun/misc/PostVMInitHook;.trackJavaUsage(), value=<void>"
"main", "69", "A5_Part2.java:17", "Method Exit", "returner=Lsun/misc/PostVMInitHook;.trackJavaUsage(), value=<void>"
"main", "70", "SYSTEM", "Method Returned", ""
"main", "71", "A5_Part2.java:17", "Method Call", "caller=SYSTEM, target=A5_Part2#main:1"
"main", "72", "A5_Part2.java:15", "Method Entered", ""
"main", "73", "A5_Part2.java:15", "Variable Write", "context=A5_Part2#main:1, args=java.lang.String[0] (id=41)"
"main", "74", "A5_Part2.java:17", "Line Step", "file=A5_Part2.java, line=17"
"main", "75", "SYSTEM", "Type Load", "class=Scheduler.Process"
"main", "76", "SYSTEM", "Type Load", "class=Producer"
"main", "77", "A5_Part2.java:17", "New Object", "object=Producer:1"
"main", "78", "A5_Part2.java:17", "Method Call", "caller=A5_Part2#main:1, target=Producer:1#Producer:1"
"main", "79", "A5_Part2.java:30", "Method Entered", ""
"main", "80", "A5_Part2.java:30", "Line Step", "file=A5_Part2.java, line=30"
"main", "81", "A5_Part2.java:30", "Method Exit", "returner=Producer:1#Producer:1, value=<void>"
"main", "82", "A5_Part2.java:17", "Method Returned", ""
"main", "83", "A5_Part2.java:17", "Line Step", "file=A5_Part2.java, line=17"
"main", "84", "A5_Part2.java:17", "Variable Write", "context=A5_Part2#main:1, p=Producer:1"
"main", "85", "A5_Part2.java:18", "Line Step", "file=A5_Part2.java, line=18"
"main", "86", "SYSTEM", "Type Load", "class=Consumer"
"main", "87", "A5_Part2.java:18", "New Object", "object=Consumer:1"
"main", "88", "A5_Part2.java:18", "Method Call", "caller=A5_Part2#main:1, target=Consumer:1#Consumer:1"
"main", "89", "A5_Part2.java:39", "Method Entered", ""
"main", "90", "A5_Part2.java:39", "Line Step", "file=A5_Part2.java, line=39"
"main", "91", "A5_Part2.java:39", "Method Exit", "returner=Consumer:1#Consumer:1, value=<void>"
"main", "92", "A5_Part2.java:18", "Method Returned", ""
"main", "93", "A5_Part2.java:18", "Line Step", "file=A5_Part2.java, line=18"
"main", "94", "A5_Part2.java:18", "Variable Write", "context=A5_Part2#main:1, c=Consumer:1"
"main", "95", "A5_Part2.java:19", "Line Step", "file=A5_Part2.java, line=19"
"main", "96", "SYSTEM", "Type Load", "class=Circular_Buffer"
"main", "97", "A5_Part2.java:19", "New Object", "object=Circular_Buffer:1"
"main", "98", "A5_Part2.java:19", "Method Call", "caller=A5_Part2#main:1, target=Circular_Buffer:1#Circular_Buffer:1"
"main", "99", "A5_Part2.java:56", "Method Entered", ""
"main", "100", "A5_Part2.java:54", "Line Step", "file=A5_Part2.java, line=54"
"main", "101", "A5_Part2.java:56", "Line Step", "file=A5_Part2.java, line=56"
"main", "102", "A5_Part2.java:56", "Field Write", "context=Circular_Buffer:1, n=5"
"main", "103", "A5_Part2.java:57", "Line Step", "file=A5_Part2.java, line=57"
"main", "104", "A5_Part2.java:57", "Field Write", "context=Circular_Buffer:1, data=int[5] (id=56)"
"main", "105", "A5_Part2.java:58", "Line Step", "file=A5_Part2.java, line=58"
"main", "106", "A5_Part2.java:58", "Field Write", "context=Circular_Buffer:1, p=0"
"main", "107", "A5_Part2.java:59", "Line Step", "file=A5_Part2.java, line=59"
"main", "108", "A5_Part2.java:59", "Field Write", "context=Circular_Buffer:1, g=0"
"main", "109", "A5_Part2.java:60", "Line Step", "file=A5_Part2.java, line=60"
"main", "110", "A5_Part2.java:60", "Field Write", "context=Circular_Buffer:1, count=0"
"main", "111", "A5_Part2.java:54", "Line Step", "file=A5_Part2.java, line=54"
"main", "112", "A5_Part2.java:54", "Method Exit", "returner=Circular_Buffer:1#Circular_Buffer:1, value=<void>"
"main", "113", "A5_Part2.java:19", "Method Returned", ""
"main", "114", "A5_Part2.java:19", "Line Step", "file=A5_Part2.java, line=19"
"main", "115", "A5_Part2.java:19", "Variable Write", "context=A5_Part2#main:1, b=Circular_Buffer:1"
"main", "116", "A5_Part2.java:21", "Line Step", "file=A5_Part2.java, line=21"
"main", "117", "A5_Part2.java:21", "Variable Write", "context=A5_Part2#main:1, arr=Scheduler.Process[3] (id=58)"
"main", "118", "A5_Part2.java:22", "Line Step", "file=A5_Part2.java, line=22"
"Thread-1", "119", "SYSTEM", "Thread Start", "Thread-1 (61)"
"Thread-1", "120", "SYSTEM", "Method Call", "caller=SYSTEM, target=LProducer;.run()"
"Thread-1", "121", "SYSTEM", "Method Call", "caller=LProducer;.run(), target=Producer:1#run:1"
"Thread-1", "122", "A5_Part2.java:32", "Method Entered", ""
"Thread-2", "123", "SYSTEM", "Thread Start", "Thread-2 (62)"
"Thread-2", "124", "SYSTEM", "Method Call", "caller=SYSTEM, target=LConsumer;.run()"
"Thread-2", "125", "SYSTEM", "Method Call", "caller=LConsumer;.run(), target=Consumer:1#run:1"
"Thread-2", "126", "A5_Part2.java:41", "Method Entered", ""
"main", "127", "A5_Part2.java:22", "Variable Write", "context=A5_Part2#main:1, s=Scheduler.Scheduler (name=Thread-0, id=64)"
"main", "128", "A5_Part2.java:25", "Line Step", "file=A5_Part2.java, line=25"
"Thread-3", "129", "SYSTEM", "Thread Start", "Thread-3 (63)"
"Thread-3", "130", "SYSTEM", "Method Call", "caller=SYSTEM, target=LCircular_Buffer;.run()"
"Thread-3", "131", "SYSTEM", "Method Call", "caller=LCircular_Buffer;.run(), target=Circular_Buffer:1#run:1"
"Thread-3", "132", "A5_Part2.java:80", "Method Entered", ""
"Thread-1", "133", "A5_Part2.java:32", "Variable Write", "context=Producer:1#run:1, v=1"
"Thread-1", "134", "A5_Part2.java:34", "Line Step", "file=A5_Part2.java, line=34"
"main", "135", "A5_Part2.java:27", "Line Step", "file=A5_Part2.java, line=27"
"Thread-3", "136", "A5_Part2.java:82", "Field Read", "context=Circular_Buffer:1, count"
"main", "137", "A5_Part2.java:27", "Method Exit", "returner=A5_Part2#main:1, value=<void>"
"Thread-3", "138", "A5_Part2.java:83", "Line Step", "file=A5_Part2.java, line=83"
"main", "139", "A5_Part2.java:17", "Method Returned", ""
"main", "140", "SYSTEM", "Thread End", ""
"Thread-2", "141", "A5_Part2.java:44", "Line Step", "file=A5_Part2.java, line=44"
"Thread-2", "142", "A5_Part2.java:46", "Line Step", "file=A5_Part2.java, line=46"
"Thread-3", "143", "A5_Part2.java:84", "Line Step", "file=A5_Part2.java, line=84"
"Thread-1", "144", "A5_Part2.java:33", "Line Step", "file=A5_Part2.java, line=33"
"Thread-3", "145", "A5_Part2.java:84", "Variable Write", "context=Circular_Buffer:1#run:1, data=1"
"Thread-3", "146", "A5_Part2.java:85", "Line Step", "file=A5_Part2.java, line=85"
"Thread-1", "147", "A5_Part2.java:33", "Variable Write", "context=Producer:1#run:1, v=2"
"Thread-1", "148", "A5_Part2.java:34", "Line Step", "file=A5_Part2.java, line=34"
"Thread-3", "149", "A5_Part2.java:85", "Method Call", "caller=Circular_Buffer:1#run:1, target=Circular_Buffer:1#put:1"
"Thread-3", "150", "A5_Part2.java:63", "Method Entered", ""
"Thread-3", "151", "A5_Part2.java:63", "Variable Write", "context=Circular_Buffer:1#put:1, v=1"
"Thread-3", "152", "A5_Part2.java:64", "Line Step", "file=A5_Part2.java, line=64"
"Thread-3", "153", "A5_Part2.java:64", "Field Read", "context=Circular_Buffer:1, data"
"Thread-3", "154", "A5_Part2.java:64", "Field Read", "context=Circular_Buffer:1, p"
"Thread-3", "155", "A5_Part2.java:65", "Line Step", "file=A5_Part2.java, line=65"
"Thread-3", "156", "A5_Part2.java:65", "Field Read", "context=Circular_Buffer:1, p"
"Thread-3", "157", "A5_Part2.java:65", "Field Write", "context=Circular_Buffer:1, p=1"
"Thread-3", "158", "A5_Part2.java:66", "Line Step", "file=A5_Part2.java, line=66"
"Thread-3", "159", "A5_Part2.java:66", "Field Write", "context=Circular_Buffer:1, state=""Put:1"""
"Thread-3", "160", "A5_Part2.java:67", "Line Step", "file=A5_Part2.java, line=67"
"Thread-3", "161", "A5_Part2.java:67", "Field Read", "context=Circular_Buffer:1, state"
"Thread-3", "162", "A5_Part2.java:68", "Line Step", "file=A5_Part2.java, line=68"
"Thread-3", "163", "A5_Part2.java:68", "Field Read", "context=Circular_Buffer:1, count"
"Thread-3", "164", "A5_Part2.java:68", "Field Write", "context=Circular_Buffer:1, count=1"
"Thread-3", "165", "A5_Part2.java:69", "Line Step", "file=A5_Part2.java, line=69"
"Thread-3", "166", "A5_Part2.java:69", "Method Exit", "returner=Circular_Buffer:1#put:1, value=<void>"
"Thread-3", "167", "A5_Part2.java:85", "Method Returned", ""
"Thread-3", "168", "A5_Part2.java:86", "Line Step", "file=A5_Part2.java, line=86"
"Thread-3", "169", "A5_Part2.java:82", "Line Step", "file=A5_Part2.java, line=82"
"Thread-3", "170", "A5_Part2.java:82", "Field Read", "context=Circular_Buffer:1, count"
"Thread-3", "171", "A5_Part2.java:82", "Variable Delete", "method=Circular_Buffer:1#run:1 <name=data,type=int (id=7),value=<?>,index=0>"
"Thread-3", "172", "A5_Part2.java:86", "Line Step", "file=A5_Part2.java, line=86"
"Thread-3", "173", "A5_Part2.java:86", "Field Read", "context=Circular_Buffer:1, count"
"Thread-3", "174", "A5_Part2.java:89", "Line Step", "file=A5_Part2.java, line=89"
"Thread-3", "175", "A5_Part2.java:89", "Field Read", "context=Circular_Buffer:1, data"
"Thread-3", "176", "A5_Part2.java:89", "Field Read", "context=Circular_Buffer:1, g"
"Thread-2", "177", "A5_Part2.java:47", "Line Step", "file=A5_Part2.java, line=47"
"Thread-3", "178", "A5_Part2.java:90", "Line Step", "file=A5_Part2.java, line=90"
"Thread-2", "179", "A5_Part2.java:42", "Line Step", "file=A5_Part2.java, line=42"
"Thread-3", "180", "A5_Part2.java:93", "Line Step", "file=A5_Part2.java, line=93"
"Thread-2", "181", "A5_Part2.java:43", "Line Step", "file=A5_Part2.java, line=43"
"Thread-3", "182", "A5_Part2.java:94", "Line Step", "file=A5_Part2.java, line=94"
"Thread-3", "183", "A5_Part2.java:94", "Method Call", "caller=Circular_Buffer:1#run:1, target=Circular_Buffer:1#get:1"
"Thread-3", "184", "A5_Part2.java:71", "Method Entered", ""
"Thread-3", "185", "A5_Part2.java:72", "Line Step", "file=A5_Part2.java, line=72"
"Thread-3", "186", "A5_Part2.java:72", "Field Read", "context=Circular_Buffer:1, data"
"Thread-3", "187", "A5_Part2.java:72", "Field Read", "context=Circular_Buffer:1, g"
"Thread-3", "188", "A5_Part2.java:72", "Variable Write", "context=Circular_Buffer:1#get:1, v=1"
"Thread-3", "189", "A5_Part2.java:73", "Line Step", "file=A5_Part2.java, line=73"
"Thread-3", "190", "A5_Part2.java:73", "Field Read", "context=Circular_Buffer:1, g"
"Thread-3", "191", "A5_Part2.java:73", "Field Write", "context=Circular_Buffer:1, g=1"
"Thread-3", "192", "A5_Part2.java:74", "Line Step", "file=A5_Part2.java, line=74"
"Thread-3", "193", "A5_Part2.java:74", "Field Read", "context=Circular_Buffer:1, count"
"Thread-3", "194", "A5_Part2.java:74", "Field Write", "context=Circular_Buffer:1, count=0"
"Thread-3", "195", "A5_Part2.java:75", "Line Step", "file=A5_Part2.java, line=75"
"Thread-3", "196", "A5_Part2.java:75", "Field Write", "context=Circular_Buffer:1, state=""Get:1"""
"Thread-3", "197", "A5_Part2.java:76", "Line Step", "file=A5_Part2.java, line=76"
"Thread-3", "198", "A5_Part2.java:76", "Field Read", "context=Circular_Buffer:1, state"
"Thread-3", "199", "A5_Part2.java:77", "Line Step", "file=A5_Part2.java, line=77"
"Thread-3", "200", "A5_Part2.java:77", "Variable Write", "context=Circular_Buffer:1#get:1, result=1"
"Thread-3", "201", "A5_Part2.java:77", "Method Exit", "returner=Circular_Buffer:1#get:1, value=1"
"Thread-3", "202", "A5_Part2.java:94", "Method Returned", ""
"Thread-3", "203", "A5_Part2.java:94", "Line Step", "file=A5_Part2.java, line=94"
"Thread-3", "204", "A5_Part2.java:81", "Line Step", "file=A5_Part2.java, line=81"
"Thread-3", "205", "A5_Part2.java:82", "Line Step", "file=A5_Part2.java, line=82"
"Thread-3", "206", "A5_Part2.java:82", "Field Read", "context=Circular_Buffer:1, count"
"Thread-3", "207", "A5_Part2.java:83", "Line Step", "file=A5_Part2.java, line=83"
"Thread-1", "208", "A5_Part2.java:33", "Line Step", "file=A5_Part2.java, line=33"
"Thread-3", "209", "A5_Part2.java:84", "Line Step", "file=A5_Part2.java, line=84"
"Thread-1", "210", "A5_Part2.java:33", "Variable Write", "context=Producer:1#run:1, v=3"
"Thread-1", "211", "A5_Part2.java:34", "Line Step", "file=A5_Part2.java, line=34"
"Thread-3", "212", "A5_Part2.java:84", "Variable Write", "context=Circular_Buffer:1#run:1, data=2"
"Thread-3", "213", "A5_Part2.java:85", "Line Step", "file=A5_Part2.java, line=85"
"Thread-2", "214", "A5_Part2.java:44", "Line Step", "file=A5_Part2.java, line=44"
"Thread-3", "215", "A5_Part2.java:85", "Method Call", "caller=Circular_Buffer:1#run:1, target=Circular_Buffer:1#put:2"
"Thread-3", "216", "A5_Part2.java:63", "Method Entered", ""
"Thread-3", "217", "A5_Part2.java:63", "Variable Write", "context=Circular_Buffer:1#put:2, v=2"
"Thread-3", "218", "A5_Part2.java:64", "Line Step", "file=A5_Part2.java, line=64"
"Thread-2", "219", "A5_Part2.java:46", "Line Step", "file=A5_Part2.java, line=46"
"Thread-3", "220", "A5_Part2.java:64", "Field Read", "context=Circular_Buffer:1, data"
"Thread-3", "221", "A5_Part2.java:64", "Field Read", "context=Circular_Buffer:1, p"
"Thread-3", "222", "A5_Part2.java:65", "Line Step", "file=A5_Part2.java, line=65"
"Thread-3", "223", "A5_Part2.java:65", "Field Read", "context=Circular_Buffer:1, p"
"Thread-3", "224", "A5_Part2.java:65", "Field Write", "context=Circular_Buffer:1, p=2"
"Thread-3", "225", "A5_Part2.java:66", "Line Step", "file=A5_Part2.java, line=66"
"Thread-3", "226", "A5_Part2.java:66", "Field Write", "context=Circular_Buffer:1, state=""Put:2"""
"Thread-3", "227", "A5_Part2.java:67", "Line Step", "file=A5_Part2.java, line=67"
"Thread-3", "228", "A5_Part2.java:67", "Field Read", "context=Circular_Buffer:1, state"
"Thread-3", "229", "A5_Part2.java:68", "Line Step", "file=A5_Part2.java, line=68"
"Thread-3", "230", "A5_Part2.java:68", "Field Read", "context=Circular_Buffer:1, count"
"Thread-3", "231", "A5_Part2.java:68", "Field Write", "context=Circular_Buffer:1, count=1"
"Thread-3", "232", "A5_Part2.java:69", "Line Step", "file=A5_Part2.java, line=69"
"Thread-3", "233", "A5_Part2.java:69", "Method Exit", "returner=Circular_Buffer:1#put:2, value=<void>"
"Thread-3", "234", "A5_Part2.java:85", "Method Returned", ""
"Thread-3", "235", "A5_Part2.java:86", "Line Step", "file=A5_Part2.java, line=86"
"Thread-3", "236", "A5_Part2.java:82", "Line Step", "file=A5_Part2.java, line=82"
"Thread-3", "237", "A5_Part2.java:82", "Field Read", "context=Circular_Buffer:1, count"
"Thread-3", "238", "A5_Part2.java:82", "Variable Delete", "method=Circular_Buffer:1#run:1 <name=data,type=int (id=7),value=<?>,index=0>"
"Thread-3", "239", "A5_Part2.java:86", "Line Step", "file=A5_Part2.java, line=86"
"Thread-3", "240", "A5_Part2.java:86", "Field Read", "context=Circular_Buffer:1, count"
"Thread-3", "241", "A5_Part2.java:89", "Line Step", "file=A5_Part2.java, line=89"
"Thread-3", "242", "A5_Part2.java:89", "Field Read", "context=Circular_Buffer:1, data"
"Thread-3", "243", "A5_Part2.java:89", "Field Read", "context=Circular_Buffer:1, g"
"Thread-1", "244", "A5_Part2.java:33", "Line Step", "file=A5_Part2.java, line=33"
"Thread-3", "245", "A5_Part2.java:90", "Line Step", "file=A5_Part2.java, line=90"
"Thread-1", "246", "A5_Part2.java:33", "Variable Write", "context=Producer:1#run:1, v=4"
"Thread-1", "247", "A5_Part2.java:34", "Line Step", "file=A5_Part2.java, line=34"
"Thread-3", "248", "A5_Part2.java:91", "Line Step", "file=A5_Part2.java, line=91"
"Thread-3", "249", "A5_Part2.java:91", "Variable Write", "context=Circular_Buffer:1#run:1, v=3"
"Thread-3", "250", "A5_Part2.java:92", "Line Step", "file=A5_Part2.java, line=92"
"Thread-3", "251", "A5_Part2.java:92", "Method Call", "caller=Circular_Buffer:1#run:1, target=Circular_Buffer:1#put:3"
"Thread-3", "252", "A5_Part2.java:63", "Method Entered", ""
"Thread-3", "253", "A5_Part2.java:63", "Variable Write", "context=Circular_Buffer:1#put:3, v=3"
"Thread-3", "254", "A5_Part2.java:64", "Line Step", "file=A5_Part2.java, line=64"
"Thread-3", "255", "A5_Part2.java:64", "Field Read", "context=Circular_Buffer:1, data"
"Thread-3", "256", "A5_Part2.java:64", "Field Read", "context=Circular_Buffer:1, p"
"Thread-3", "257", "A5_Part2.java:65", "Line Step", "file=A5_Part2.java, line=65"
"Thread-3", "258", "A5_Part2.java:65", "Field Read", "context=Circular_Buffer:1, p"
"Thread-3", "259", "A5_Part2.java:65", "Field Write", "context=Circular_Buffer:1, p=3"
"Thread-3", "260", "A5_Part2.java:66", "Line Step", "file=A5_Part2.java, line=66"
"Thread-3", "261", "A5_Part2.java:66", "Field Write", "context=Circular_Buffer:1, state=""Put:3"""
"Thread-3", "262", "A5_Part2.java:67", "Line Step", "file=A5_Part2.java, line=67"
"Thread-3", "263", "A5_Part2.java:67", "Field Read", "context=Circular_Buffer:1, state"
"Thread-3", "264", "A5_Part2.java:68", "Line Step", "file=A5_Part2.java, line=68"
"Thread-3", "265", "A5_Part2.java:68", "Field Read", "context=Circular_Buffer:1, count"
"Thread-3", "266", "A5_Part2.java:68", "Field Write", "context=Circular_Buffer:1, count=2"
"Thread-3", "267", "A5_Part2.java:69", "Line Step", "file=A5_Part2.java, line=69"
"Thread-3", "268", "A5_Part2.java:69", "Method Exit", "returner=Circular_Buffer:1#put:3, value=<void>"
"Thread-3", "269", "A5_Part2.java:92", "Method Returned", ""
"Thread-3", "270", "A5_Part2.java:93", "Line Step", "file=A5_Part2.java, line=93"
"Thread-3", "271", "A5_Part2.java:82", "Line Step", "file=A5_Part2.java, line=82"
"Thread-3", "272", "A5_Part2.java:82", "Field Read", "context=Circular_Buffer:1, count"
"Thread-3", "273", "A5_Part2.java:82", "Variable Delete", "method=Circular_Buffer:1#run:1 <name=v,type=int (id=7),value=<?>,index=1>"
"Thread-3", "274", "A5_Part2.java:86", "Line Step", "file=A5_Part2.java, line=86"
"Thread-3", "275", "A5_Part2.java:86", "Field Read", "context=Circular_Buffer:1, count"
"Thread-3", "276", "A5_Part2.java:89", "Line Step", "file=A5_Part2.java, line=89"
"Thread-3", "277", "A5_Part2.java:89", "Field Read", "context=Circular_Buffer:1, data"
"Thread-3", "278", "A5_Part2.java:89", "Field Read", "context=Circular_Buffer:1, g"
"Thread-2", "279", "A5_Part2.java:47", "Line Step", "file=A5_Part2.java, line=47"
"Thread-3", "280", "A5_Part2.java:90", "Line Step", "file=A5_Part2.java, line=90"
"Thread-2", "281", "A5_Part2.java:42", "Line Step", "file=A5_Part2.java, line=42"
"Thread-3", "282", "A5_Part2.java:93", "Line Step", "file=A5_Part2.java, line=93"
"Thread-2", "283", "A5_Part2.java:43", "Line Step", "file=A5_Part2.java, line=43"
"Thread-3", "284", "A5_Part2.java:94", "Line Step", "file=A5_Part2.java, line=94"
"Thread-3", "285", "A5_Part2.java:94", "Method Call", "caller=Circular_Buffer:1#run:1, target=Circular_Buffer:1#get:2"
"Thread-3", "286", "A5_Part2.java:71", "Method Entered", ""
"Thread-3", "287", "A5_Part2.java:72", "Line Step", "file=A5_Part2.java, line=72"
"Thread-3", "288", "A5_Part2.java:72", "Field Read", "context=Circular_Buffer:1, data"
"Thread-3", "289", "A5_Part2.java:72", "Field Read", "context=Circular_Buffer:1, g"
"Thread-3", "290", "A5_Part2.java:72", "Variable Write", "context=Circular_Buffer:1#get:2, v=2"
"Thread-3", "291", "A5_Part2.java:73", "Line Step", "file=A5_Part2.java, line=73"
"Thread-3", "292", "A5_Part2.java:73", "Field Read", "context=Circular_Buffer:1, g"
"Thread-2", "293", "A5_Part2.java:44", "Line Step", "file=A5_Part2.java, line=44"
"Thread-3", "294", "A5_Part2.java:73", "Field Write", "context=Circular_Buffer:1, g=2"
"Thread-2", "295", "A5_Part2.java:46", "Line Step", "file=A5_Part2.java, line=46"
"Thread-3", "296", "A5_Part2.java:74", "Line Step", "file=A5_Part2.java, line=74"
"Thread-3", "297", "A5_Part2.java:74", "Field Read", "context=Circular_Buffer:1, count"
"Thread-3", "298", "A5_Part2.java:74", "Field Write", "context=Circular_Buffer:1, count=1"
"Thread-3", "299", "A5_Part2.java:75", "Line Step", "file=A5_Part2.java, line=75"
"Thread-3", "300", "A5_Part2.java:75", "Field Write", "context=Circular_Buffer:1, state=""Get:2"""
"Thread-3", "301", "A5_Part2.java:76", "Line Step", "file=A5_Part2.java, line=76"
"Thread-3", "302", "A5_Part2.java:76", "Field Read", "context=Circular_Buffer:1, state"
"Thread-3", "303", "A5_Part2.java:77", "Line Step", "file=A5_Part2.java, line=77"
"Thread-3", "304", "A5_Part2.java:77", "Variable Write", "context=Circular_Buffer:1#get:2, result=2"
"Thread-3", "305", "A5_Part2.java:77", "Method Exit", "returner=Circular_Buffer:1#get:2, value=2"
"Thread-3", "306", "A5_Part2.java:94", "Method Returned", ""
"Thread-3", "307", "A5_Part2.java:94", "Line Step", "file=A5_Part2.java, line=94"
"Thread-3", "308", "A5_Part2.java:81", "Line Step", "file=A5_Part2.java, line=81"
"Thread-3", "309", "A5_Part2.java:82", "Line Step", "file=A5_Part2.java, line=82"
"Thread-3", "310", "A5_Part2.java:82", "Field Read", "context=Circular_Buffer:1, count"
"Thread-3", "311", "A5_Part2.java:86", "Line Step", "file=A5_Part2.java, line=86"
"Thread-3", "312", "A5_Part2.java:86", "Field Read", "context=Circular_Buffer:1, count"
"Thread-3", "313", "A5_Part2.java:89", "Line Step", "file=A5_Part2.java, line=89"
"Thread-3", "314", "A5_Part2.java:89", "Field Read", "context=Circular_Buffer:1, data"
"Thread-3", "315", "A5_Part2.java:89", "Field Read", "context=Circular_Buffer:1, g"
"Thread-3", "316", "A5_Part2.java:90", "Line Step", "file=A5_Part2.java, line=90"
"Thread-1", "317", "A5_Part2.java:33", "Line Step", "file=A5_Part2.java, line=33"
"Thread-3", "318", "A5_Part2.java:91", "Line Step", "file=A5_Part2.java, line=91"
"Thread-1", "319", "A5_Part2.java:33", "Variable Write", "context=Producer:1#run:1, v=5"
"Thread-1", "320", "A5_Part2.java:34", "Line Step", "file=A5_Part2.java, line=34"
"Thread-3", "321", "A5_Part2.java:91", "Variable Write", "context=Circular_Buffer:1#run:1, v=4"
"Thread-3", "322", "A5_Part2.java:92", "Line Step", "file=A5_Part2.java, line=92"
"Thread-3", "323", "A5_Part2.java:92", "Method Call", "caller=Circular_Buffer:1#run:1, target=Circular_Buffer:1#put:4"
"Thread-3", "324", "A5_Part2.java:63", "Method Entered", ""
"Thread-3", "325", "A5_Part2.java:63", "Variable Write", "context=Circular_Buffer:1#put:4, v=4"
"Thread-3", "326", "A5_Part2.java:64", "Line Step", "file=A5_Part2.java, line=64"
"Thread-3", "327", "A5_Part2.java:64", "Field Read", "context=Circular_Buffer:1, data"
"Thread-3", "328", "A5_Part2.java:64", "Field Read", "context=Circular_Buffer:1, p"
"Thread-3", "329", "A5_Part2.java:65", "Line Step", "file=A5_Part2.java, line=65"
"Thread-3", "330", "A5_Part2.java:65", "Field Read", "context=Circular_Buffer:1, p"
"Thread-3", "331", "A5_Part2.java:65", "Field Write", "context=Circular_Buffer:1, p=4"
"Thread-3", "332", "A5_Part2.java:66", "Line Step", "file=A5_Part2.java, line=66"
"Thread-3", "333", "A5_Part2.java:66", "Field Write", "context=Circular_Buffer:1, state=""Put:4"""
"Thread-3", "334", "A5_Part2.java:67", "Line Step", "file=A5_Part2.java, line=67"
"Thread-3", "335", "A5_Part2.java:67", "Field Read", "context=Circular_Buffer:1, state"
"Thread-3", "336", "A5_Part2.java:68", "Line Step", "file=A5_Part2.java, line=68"
"Thread-3", "337", "A5_Part2.java:68", "Field Read", "context=Circular_Buffer:1, count"
"Thread-3", "338", "A5_Part2.java:68", "Field Write", "context=Circular_Buffer:1, count=2"
"Thread-3", "339", "A5_Part2.java:69", "Line Step", "file=A5_Part2.java, line=69"
"Thread-3", "340", "A5_Part2.java:69", "Method Exit", "returner=Circular_Buffer:1#put:4, value=<void>"
"Thread-3", "341", "A5_Part2.java:92", "Method Returned", ""
"Thread-3", "342", "A5_Part2.java:93", "Line Step", "file=A5_Part2.java, line=93"
"Thread-3", "343", "A5_Part2.java:82", "Line Step", "file=A5_Part2.java, line=82"
"Thread-3", "344", "A5_Part2.java:82", "Field Read", "context=Circular_Buffer:1, count"
"Thread-3", "345", "A5_Part2.java:82", "Variable Delete", "method=Circular_Buffer:1#run:1 <name=v,type=int (id=7),value=<?>,index=1>"
"Thread-3", "346", "A5_Part2.java:86", "Line Step", "file=A5_Part2.java, line=86"
"Thread-3", "347", "A5_Part2.java:86", "Field Read", "context=Circular_Buffer:1, count"
"Thread-3", "348", "A5_Part2.java:89", "Line Step", "file=A5_Part2.java, line=89"
"Thread-3", "349", "A5_Part2.java:89", "Field Read", "context=Circular_Buffer:1, data"
"Thread-3", "350", "A5_Part2.java:89", "Field Read", "context=Circular_Buffer:1, g"
"Thread-2", "351", "A5_Part2.java:47", "Line Step", "file=A5_Part2.java, line=47"
"Thread-3", "352", "A5_Part2.java:90", "Line Step", "file=A5_Part2.java, line=90"
"Thread-2", "353", "A5_Part2.java:42", "Line Step", "file=A5_Part2.java, line=42"
"Thread-3", "354", "A5_Part2.java:93", "Line Step", "file=A5_Part2.java, line=93"
"Thread-2", "355", "A5_Part2.java:43", "Line Step", "file=A5_Part2.java, line=43"
"Thread-3", "356", "A5_Part2.java:94", "Line Step", "file=A5_Part2.java, line=94"
"Thread-3", "357", "A5_Part2.java:94", "Method Call", "caller=Circular_Buffer:1#run:1, target=Circular_Buffer:1#get:3"
"Thread-3", "358", "A5_Part2.java:71", "Method Entered", ""
"Thread-3", "359", "A5_Part2.java:72", "Line Step", "file=A5_Part2.java, line=72"
"Thread-3", "360", "A5_Part2.java:72", "Field Read", "context=Circular_Buffer:1, data"
"Thread-3", "361", "A5_Part2.java:72", "Field Read", "context=Circular_Buffer:1, g"
"Thread-3", "362", "A5_Part2.java:72", "Variable Write", "context=Circular_Buffer:1#get:3, v=3"
"Thread-3", "363", "A5_Part2.java:73", "Line Step", "file=A5_Part2.java, line=73"
"Thread-3", "364", "A5_Part2.java:73", "Field Read", "context=Circular_Buffer:1, g"
"Thread-3", "365", "A5_Part2.java:73", "Field Write", "context=Circular_Buffer:1, g=3"
"Thread-3", "366", "A5_Part2.java:74", "Line Step", "file=A5_Part2.java, line=74"
"Thread-3", "367", "A5_Part2.java:74", "Field Read", "context=Circular_Buffer:1, count"
"Thread-3", "368", "A5_Part2.java:74", "Field Write", "context=Circular_Buffer:1, count=1"
"Thread-3", "369", "A5_Part2.java:75", "Line Step", "file=A5_Part2.java, line=75"
"Thread-3", "370", "A5_Part2.java:75", "Field Write", "context=Circular_Buffer:1, state=""Get:3"""
"Thread-3", "371", "A5_Part2.java:76", "Line Step", "file=A5_Part2.java, line=76"
"Thread-3", "372", "A5_Part2.java:76", "Field Read", "context=Circular_Buffer:1, state"
"Thread-3", "373", "A5_Part2.java:77", "Line Step", "file=A5_Part2.java, line=77"
"Thread-3", "374", "A5_Part2.java:77", "Variable Write", "context=Circular_Buffer:1#get:3, result=3"
"Thread-3", "375", "A5_Part2.java:77", "Method Exit", "returner=Circular_Buffer:1#get:3, value=3"
"Thread-3", "376", "A5_Part2.java:94", "Method Returned", ""
"Thread-3", "377", "A5_Part2.java:94", "Line Step", "file=A5_Part2.java, line=94"
"Thread-3", "378", "A5_Part2.java:81", "Line Step", "file=A5_Part2.java, line=81"
"Thread-3", "379", "A5_Part2.java:82", "Line Step", "file=A5_Part2.java, line=82"
"Thread-3", "380", "A5_Part2.java:82", "Field Read", "context=Circular_Buffer:1, count"
"Thread-3", "381", "A5_Part2.java:86", "Line Step", "file=A5_Part2.java, line=86"
"Thread-3", "382", "A5_Part2.java:86", "Field Read", "context=Circular_Buffer:1, count"
"Thread-3", "383", "A5_Part2.java:89", "Line Step", "file=A5_Part2.java, line=89"
"Thread-3", "384", "A5_Part2.java:89", "Field Read", "context=Circular_Buffer:1, data"
"Thread-3", "385", "A5_Part2.java:89", "Field Read", "context=Circular_Buffer:1, g"
"Thread-3", "386", "A5_Part2.java:90", "Line Step", "file=A5_Part2.java, line=90"
"Thread-1", "387", "A5_Part2.java:33", "Line Step", "file=A5_Part2.java, line=33"
"Thread-3", "388", "A5_Part2.java:91", "Line Step", "file=A5_Part2.java, line=91"
"Thread-1", "389", "A5_Part2.java:33", "Variable Write", "context=Producer:1#run:1, v=6"
"Thread-1", "390", "A5_Part2.java:34", "Line Step", "file=A5_Part2.java, line=34"
"Thread-2", "391", "A5_Part2.java:44", "Line Step", "file=A5_Part2.java, line=44"
"Thread-3", "392", "A5_Part2.java:91", "Variable Write", "context=Circular_Buffer:1#run:1, v=5"
"Thread-3", "393", "A5_Part2.java:92", "Line Step", "file=A5_Part2.java, line=92"
"Thread-2", "394", "A5_Part2.java:46", "Line Step", "file=A5_Part2.java, line=46"
"Thread-3", "395", "A5_Part2.java:92", "Method Call", "caller=Circular_Buffer:1#run:1, target=Circular_Buffer:1#put:5"
"Thread-3", "396", "A5_Part2.java:63", "Method Entered", ""
"Thread-3", "397", "A5_Part2.java:63", "Variable Write", "context=Circular_Buffer:1#put:5, v=5"
"Thread-3", "398", "A5_Part2.java:64", "Line Step", "file=A5_Part2.java, line=64"
"Thread-3", "399", "A5_Part2.java:64", "Field Read", "context=Circular_Buffer:1, data"
"Thread-3", "400", "A5_Part2.java:64", "Field Read", "context=Circular_Buffer:1, p"
"Thread-3", "401", "A5_Part2.java:65", "Line Step", "file=A5_Part2.java, line=65"
"Thread-3", "402", "A5_Part2.java:65", "Field Read", "context=Circular_Buffer:1, p"
"Thread-3", "403", "A5_Part2.java:65", "Field Write", "context=Circular_Buffer:1, p=0"
"Thread-3", "404", "A5_Part2.java:66", "Line Step", "file=A5_Part2.java, line=66"
"Thread-3", "405", "A5_Part2.java:66", "Field Write", "context=Circular_Buffer:1, state=""Put:5"""
"Thread-3", "406", "A5_Part2.java:67", "Line Step", "file=A5_Part2.java, line=67"
"Thread-3", "407", "A5_Part2.java:67", "Field Read", "context=Circular_Buffer:1, state"
"Thread-3", "408", "A5_Part2.java:68", "Line Step", "file=A5_Part2.java, line=68"
"Thread-3", "409", "A5_Part2.java:68", "Field Read", "context=Circular_Buffer:1, count"
"Thread-3", "410", "A5_Part2.java:68", "Field Write", "context=Circular_Buffer:1, count=2"
"Thread-3", "411", "A5_Part2.java:69", "Line Step", "file=A5_Part2.java, line=69"
"Thread-3", "412", "A5_Part2.java:69", "Method Exit", "returner=Circular_Buffer:1#put:5, value=<void>"
"Thread-3", "413", "A5_Part2.java:92", "Method Returned", ""
"Thread-3", "414", "A5_Part2.java:93", "Line Step", "file=A5_Part2.java, line=93"
"Thread-3", "415", "A5_Part2.java:82", "Line Step", "file=A5_Part2.java, line=82"
"Thread-3", "416", "A5_Part2.java:82", "Field Read", "context=Circular_Buffer:1, count"
"Thread-3", "417", "A5_Part2.java:82", "Variable Delete", "method=Circular_Buffer:1#run:1 <name=v,type=int (id=7),value=<?>,index=1>"
"Thread-3", "418", "A5_Part2.java:86", "Line Step", "file=A5_Part2.java, line=86"
"Thread-3", "419", "A5_Part2.java:86", "Field Read", "context=Circular_Buffer:1, count"
"Thread-3", "420", "A5_Part2.java:89", "Line Step", "file=A5_Part2.java, line=89"
"Thread-3", "421", "A5_Part2.java:89", "Field Read", "context=Circular_Buffer:1, data"
"Thread-3", "422", "A5_Part2.java:89", "Field Read", "context=Circular_Buffer:1, g"
"Thread-1", "423", "A5_Part2.java:33", "Line Step", "file=A5_Part2.java, line=33"
"Thread-3", "424", "A5_Part2.java:90", "Line Step", "file=A5_Part2.java, line=90"
"Thread-1", "425", "A5_Part2.java:33", "Variable Write", "context=Producer:1#run:1, v=7"
"Thread-1", "426", "A5_Part2.java:34", "Line Step", "file=A5_Part2.java, line=34"
"Thread-3", "427", "A5_Part2.java:91", "Line Step", "file=A5_Part2.java, line=91"
"Thread-3", "428", "A5_Part2.java:91", "Variable Write", "context=Circular_Buffer:1#run:1, v=6"
"Thread-3", "429", "A5_Part2.java:92", "Line Step", "file=A5_Part2.java, line=92"
"Thread-3", "430", "A5_Part2.java:92", "Method Call", "caller=Circular_Buffer:1#run:1, target=Circular_Buffer:1#put:6"
"Thread-3", "431", "A5_Part2.java:63", "Method Entered", ""
"Thread-3", "432", "A5_Part2.java:63", "Variable Write", "context=Circular_Buffer:1#put:6, v=6"
"Thread-3", "433", "A5_Part2.java:64", "Line Step", "file=A5_Part2.java, line=64"
"Thread-3", "434", "A5_Part2.java:64", "Field Read", "context=Circular_Buffer:1, data"
"Thread-3", "435", "A5_Part2.java:64", "Field Read", "context=Circular_Buffer:1, p"
"Thread-3", "436", "A5_Part2.java:65", "Line Step", "file=A5_Part2.java, line=65"
"Thread-3", "437", "A5_Part2.java:65", "Field Read", "context=Circular_Buffer:1, p"
"Thread-3", "438", "A5_Part2.java:65", "Field Write", "context=Circular_Buffer:1, p=1"
"Thread-3", "439", "A5_Part2.java:66", "Line Step", "file=A5_Part2.java, line=66"
"Thread-3", "440", "A5_Part2.java:66", "Field Write", "context=Circular_Buffer:1, state=""Put:6"""
"Thread-3", "441", "A5_Part2.java:67", "Line Step", "file=A5_Part2.java, line=67"
"Thread-3", "442", "A5_Part2.java:67", "Field Read", "context=Circular_Buffer:1, state"
"Thread-3", "443", "A5_Part2.java:68", "Line Step", "file=A5_Part2.java, line=68"
"Thread-3", "444", "A5_Part2.java:68", "Field Read", "context=Circular_Buffer:1, count"
"Thread-3", "445", "A5_Part2.java:68", "Field Write", "context=Circular_Buffer:1, count=3"
"Thread-3", "446", "A5_Part2.java:69", "Line Step", "file=A5_Part2.java, line=69"
"Thread-3", "447", "A5_Part2.java:69", "Method Exit", "returner=Circular_Buffer:1#put:6, value=<void>"
"Thread-3", "448", "A5_Part2.java:92", "Method Returned", ""
"Thread-3", "449", "A5_Part2.java:93", "Line Step", "file=A5_Part2.java, line=93"
"Thread-3", "450", "A5_Part2.java:82", "Line Step", "file=A5_Part2.java, line=82"
"Thread-3", "451", "A5_Part2.java:82", "Field Read", "context=Circular_Buffer:1, count"
"Thread-3", "452", "A5_Part2.java:82", "Variable Delete", "method=Circular_Buffer:1#run:1 <name=v,type=int (id=7),value=<?>,index=1>"
"Thread-3", "453", "A5_Part2.java:86", "Line Step", "file=A5_Part2.java, line=86"
"Thread-3", "454", "A5_Part2.java:86", "Field Read", "context=Circular_Buffer:1, count"
"Thread-3", "455", "A5_Part2.java:89", "Line Step", "file=A5_Part2.java, line=89"
"Thread-3", "456", "A5_Part2.java:89", "Field Read", "context=Circular_Buffer:1, data"
"Thread-3", "457", "A5_Part2.java:89", "Field Read", "context=Circular_Buffer:1, g"
"Thread-2", "458", "A5_Part2.java:47", "Line Step", "file=A5_Part2.java, line=47"
"Thread-3", "459", "A5_Part2.java:90", "Line Step", "file=A5_Part2.java, line=90"
"Thread-2", "460", "A5_Part2.java:42", "Line Step", "file=A5_Part2.java, line=42"
"Thread-3", "461", "A5_Part2.java:93", "Line Step", "file=A5_Part2.java, line=93"
"Thread-2", "462", "A5_Part2.java:43", "Line Step", "file=A5_Part2.java, line=43"
"Thread-3", "463", "A5_Part2.java:94", "Line Step", "file=A5_Part2.java, line=94"
"Thread-3", "464", "A5_Part2.java:94", "Method Call", "caller=Circular_Buffer:1#run:1, target=Circular_Buffer:1#get:4"
"Thread-3", "465", "A5_Part2.java:71", "Method Entered", ""
"Thread-3", "466", "A5_Part2.java:72", "Line Step", "file=A5_Part2.java, line=72"
"Thread-3", "467", "A5_Part2.java:72", "Field Read", "context=Circular_Buffer:1, data"
"Thread-3", "468", "A5_Part2.java:72", "Field Read", "context=Circular_Buffer:1, g"
"Thread-3", "469", "A5_Part2.java:72", "Variable Write", "context=Circular_Buffer:1#get:4, v=4"
"Thread-3", "470", "A5_Part2.java:73", "Line Step", "file=A5_Part2.java, line=73"
"Thread-3", "471", "A5_Part2.java:73", "Field Read", "context=Circular_Buffer:1, g"
"Thread-3", "472", "A5_Part2.java:73", "Field Write", "context=Circular_Buffer:1, g=4"
"Thread-3", "473", "A5_Part2.java:74", "Line Step", "file=A5_Part2.java, line=74"
"Thread-3", "474", "A5_Part2.java:74", "Field Read", "context=Circular_Buffer:1, count"
"Thread-3", "475", "A5_Part2.java:74", "Field Write", "context=Circular_Buffer:1, count=2"
"Thread-3", "476", "A5_Part2.java:75", "Line Step", "file=A5_Part2.java, line=75"
"Thread-3", "477", "A5_Part2.java:75", "Field Write", "context=Circular_Buffer:1, state=""Get:4"""
"Thread-3", "478", "A5_Part2.java:76", "Line Step", "file=A5_Part2.java, line=76"
"Thread-2", "479", "A5_Part2.java:44", "Line Step", "file=A5_Part2.java, line=44"
"Thread-3", "480", "A5_Part2.java:76", "Field Read", "context=Circular_Buffer:1, state"
"Thread-2", "481", "A5_Part2.java:46", "Line Step", "file=A5_Part2.java, line=46"
"Thread-3", "482", "A5_Part2.java:77", "Line Step", "file=A5_Part2.java, line=77"
"Thread-3", "483", "A5_Part2.java:77", "Variable Write", "context=Circular_Buffer:1#get:4, result=4"
"Thread-3", "484", "A5_Part2.java:77", "Method Exit", "returner=Circular_Buffer:1#get:4, value=4"
"Thread-3", "485", "A5_Part2.java:94", "Method Returned", ""
"Thread-3", "486", "A5_Part2.java:94", "Line Step", "file=A5_Part2.java, line=94"
"Thread-3", "487", "A5_Part2.java:81", "Line Step", "file=A5_Part2.java, line=81"
"Thread-3", "488", "A5_Part2.java:82", "Line Step", "file=A5_Part2.java, line=82"
"Thread-3", "489", "A5_Part2.java:82", "Field Read", "context=Circular_Buffer:1, count"
"Thread-3", "490", "A5_Part2.java:86", "Line Step", "file=A5_Part2.java, line=86"
"Thread-3", "491", "A5_Part2.java:86", "Field Read", "context=Circular_Buffer:1, count"
"Thread-3", "492", "A5_Part2.java:89", "Line Step", "file=A5_Part2.java, line=89"
"Thread-3", "493", "A5_Part2.java:89", "Field Read", "context=Circular_Buffer:1, data"
"Thread-3", "494", "A5_Part2.java:89", "Field Read", "context=Circular_Buffer:1, g"
"Thread-1", "495", "A5_Part2.java:33", "Line Step", "file=A5_Part2.java, line=33"
"Thread-3", "496", "A5_Part2.java:90", "Line Step", "file=A5_Part2.java, line=90"
"Thread-1", "497", "A5_Part2.java:33", "Variable Write", "context=Producer:1#run:1, v=8"
"Thread-1", "498", "A5_Part2.java:34", "Line Step", "file=A5_Part2.java, line=34"
"Thread-3", "499", "A5_Part2.java:91", "Line Step", "file=A5_Part2.java, line=91"
"Thread-3", "500", "A5_Part2.java:91", "Variable Write", "context=Circular_Buffer:1#run:1, v=7"
"Thread-3", "501", "A5_Part2.java:92", "Line Step", "file=A5_Part2.java, line=92"
"Thread-3", "502", "A5_Part2.java:92", "Method Call", "caller=Circular_Buffer:1#run:1, target=Circular_Buffer:1#put:7"
"Thread-3", "503", "A5_Part2.java:63", "Method Entered", ""
"Thread-3", "504", "A5_Part2.java:63", "Variable Write", "context=Circular_Buffer:1#put:7, v=7"
"Thread-3", "505", "A5_Part2.java:64", "Line Step", "file=A5_Part2.java, line=64"
"Thread-3", "506", "A5_Part2.java:64", "Field Read", "context=Circular_Buffer:1, data"
"Thread-3", "507", "A5_Part2.java:64", "Field Read", "context=Circular_Buffer:1, p"
"Thread-3", "508", "A5_Part2.java:65", "Line Step", "file=A5_Part2.java, line=65"
"Thread-3", "509", "A5_Part2.java:65", "Field Read", "context=Circular_Buffer:1, p"
"Thread-3", "510", "A5_Part2.java:65", "Field Write", "context=Circular_Buffer:1, p=2"
"Thread-3", "511", "A5_Part2.java:66", "Line Step", "file=A5_Part2.java, line=66"
"Thread-3", "512", "A5_Part2.java:66", "Field Write", "context=Circular_Buffer:1, state=""Put:7"""
"Thread-3", "513", "A5_Part2.java:67", "Line Step", "file=A5_Part2.java, line=67"
"Thread-3", "514", "A5_Part2.java:67", "Field Read", "context=Circular_Buffer:1, state"
"Thread-3", "515", "A5_Part2.java:68", "Line Step", "file=A5_Part2.java, line=68"
"Thread-3", "516", "A5_Part2.java:68", "Field Read", "context=Circular_Buffer:1, count"
"Thread-3", "517", "A5_Part2.java:68", "Field Write", "context=Circular_Buffer:1, count=3"
"Thread-3", "518", "A5_Part2.java:69", "Line Step", "file=A5_Part2.java, line=69"
"Thread-3", "519", "A5_Part2.java:69", "Method Exit", "returner=Circular_Buffer:1#put:7, value=<void>"
"Thread-3", "520", "A5_Part2.java:92", "Method Returned", ""
"Thread-3", "521", "A5_Part2.java:93", "Line Step", "file=A5_Part2.java, line=93"
"Thread-3", "522", "A5_Part2.java:82", "Line Step", "file=A5_Part2.java, line=82"
"Thread-3", "523", "A5_Part2.java:82", "Field Read", "context=Circular_Buffer:1, count"
"Thread-3", "524", "A5_Part2.java:82", "Variable Delete", "method=Circular_Buffer:1#run:1 <name=v,type=int (id=7),value=<?>,index=1>"
"Thread-3", "525", "A5_Part2.java:86", "Line Step", "file=A5_Part2.java, line=86"
"Thread-3", "526", "A5_Part2.java:86", "Field Read", "context=Circular_Buffer:1, count"
"Thread-3", "527", "A5_Part2.java:89", "Line Step", "file=A5_Part2.java, line=89"
"Thread-3", "528", "A5_Part2.java:89", "Field Read", "context=Circular_Buffer:1, data"
"Thread-3", "529", "A5_Part2.java:89", "Field Read", "context=Circular_Buffer:1, g"
"Thread-3", "530", "A5_Part2.java:90", "Line Step", "file=A5_Part2.java, line=90"
"Thread-2", "531", "A5_Part2.java:47", "Line Step", "file=A5_Part2.java, line=47"
"Thread-3", "532", "A5_Part2.java:93", "Line Step", "file=A5_Part2.java, line=93"
"Thread-2", "533", "A5_Part2.java:42", "Line Step", "file=A5_Part2.java, line=42"
"Thread-3", "534", "A5_Part2.java:94", "Line Step", "file=A5_Part2.java, line=94"
"Thread-2", "535", "A5_Part2.java:43", "Line Step", "file=A5_Part2.java, line=43"
"Thread-3", "536", "A5_Part2.java:94", "Method Call", "caller=Circular_Buffer:1#run:1, target=Circular_Buffer:1#get:5"
"Thread-3", "537", "A5_Part2.java:71", "Method Entered", ""
"Thread-3", "538", "A5_Part2.java:72", "Line Step", "file=A5_Part2.java, line=72"
"Thread-3", "539", "A5_Part2.java:72", "Field Read", "context=Circular_Buffer:1, data"
"Thread-3", "540", "A5_Part2.java:72", "Field Read", "context=Circular_Buffer:1, g"
"Thread-3", "541", "A5_Part2.java:72", "Variable Write", "context=Circular_Buffer:1#get:5, v=5"
"Thread-3", "542", "A5_Part2.java:73", "Line Step", "file=A5_Part2.java, line=73"
"Thread-3", "543", "A5_Part2.java:73", "Field Read", "context=Circular_Buffer:1, g"
"Thread-3", "544", "A5_Part2.java:73", "Field Write", "context=Circular_Buffer:1, g=0"
"Thread-3", "545", "A5_Part2.java:74", "Line Step", "file=A5_Part2.java, line=74"
"Thread-3", "546", "A5_Part2.java:74", "Field Read", "context=Circular_Buffer:1, count"
"Thread-3", "547", "A5_Part2.java:74", "Field Write", "context=Circular_Buffer:1, count=2"
"Thread-3", "548", "A5_Part2.java:75", "Line Step", "file=A5_Part2.java, line=75"
"Thread-3", "549", "A5_Part2.java:75", "Field Write", "context=Circular_Buffer:1, state=""Get:5"""
"Thread-3", "550", "A5_Part2.java:76", "Line Step", "file=A5_Part2.java, line=76"
"Thread-3", "551", "A5_Part2.java:76", "Field Read", "context=Circular_Buffer:1, state"
"Thread-3", "552", "A5_Part2.java:77", "Line Step", "file=A5_Part2.java, line=77"
"Thread-3", "553", "A5_Part2.java:77", "Variable Write", "context=Circular_Buffer:1#get:5, result=5"
"Thread-3", "554", "A5_Part2.java:77", "Method Exit", "returner=Circular_Buffer:1#get:5, value=5"
"Thread-3", "555", "A5_Part2.java:94", "Method Returned", ""
"Thread-3", "556", "A5_Part2.java:94", "Line Step", "file=A5_Part2.java, line=94"
"Thread-3", "557", "A5_Part2.java:81", "Line Step", "file=A5_Part2.java, line=81"
"Thread-3", "558", "A5_Part2.java:82", "Line Step", "file=A5_Part2.java, line=82"
"Thread-3", "559", "A5_Part2.java:82", "Field Read", "context=Circular_Buffer:1, count"
"Thread-3", "560", "A5_Part2.java:86", "Line Step", "file=A5_Part2.java, line=86"
"Thread-3", "561", "A5_Part2.java:86", "Field Read", "context=Circular_Buffer:1, count"
"Thread-3", "562", "A5_Part2.java:89", "Line Step", "file=A5_Part2.java, line=89"
"Thread-3", "563", "A5_Part2.java:89", "Field Read", "context=Circular_Buffer:1, data"
"Thread-3", "564", "A5_Part2.java:89", "Field Read", "context=Circular_Buffer:1, g"
"Thread-1", "565", "A5_Part2.java:33", "Line Step", "file=A5_Part2.java, line=33"
"Thread-3", "566", "A5_Part2.java:90", "Line Step", "file=A5_Part2.java, line=90"
"Thread-1", "567", "A5_Part2.java:33", "Variable Write", "context=Producer:1#run:1, v=9"
"Thread-1", "568", "A5_Part2.java:34", "Line Step", "file=A5_Part2.java, line=34"
"Thread-3", "569", "A5_Part2.java:91", "Line Step", "file=A5_Part2.java, line=91"
"Thread-3", "570", "A5_Part2.java:91", "Variable Write", "context=Circular_Buffer:1#run:1, v=8"
"Thread-3", "571", "A5_Part2.java:92", "Line Step", "file=A5_Part2.java, line=92"
"Thread-3", "572", "A5_Part2.java:92", "Method Call", "caller=Circular_Buffer:1#run:1, target=Circular_Buffer:1#put:8"
"Thread-3", "573", "A5_Part2.java:63", "Method Entered", ""
"Thread-3", "574", "A5_Part2.java:63", "Variable Write", "context=Circular_Buffer:1#put:8, v=8"
"Thread-3", "575", "A5_Part2.java:64", "Line Step", "file=A5_Part2.java, line=64"
"Thread-2", "576", "A5_Part2.java:44", "Line Step", "file=A5_Part2.java, line=44"
"Thread-3", "577", "A5_Part2.java:64", "Field Read", "context=Circular_Buffer:1, data"
"Thread-2", "578", "A5_Part2.java:46", "Line Step", "file=A5_Part2.java, line=46"
"Thread-3", "579", "A5_Part2.java:64", "Field Read", "context=Circular_Buffer:1, p"
"Thread-3", "580", "A5_Part2.java:65", "Line Step", "file=A5_Part2.java, line=65"
"Thread-3", "581", "A5_Part2.java:65", "Field Read", "context=Circular_Buffer:1, p"
"Thread-3", "582", "A5_Part2.java:65", "Field Write", "context=Circular_Buffer:1, p=3"
"Thread-3", "583", "A5_Part2.java:66", "Line Step", "file=A5_Part2.java, line=66"
"Thread-3", "584", "A5_Part2.java:66", "Field Write", "context=Circular_Buffer:1, state=""Put:8"""
"Thread-3", "585", "A5_Part2.java:67", "Line Step", "file=A5_Part2.java, line=67"
"Thread-3", "586", "A5_Part2.java:67", "Field Read", "context=Circular_Buffer:1, state"
"Thread-3", "587", "A5_Part2.java:68", "Line Step", "file=A5_Part2.java, line=68"
"Thread-3", "588", "A5_Part2.java:68", "Field Read", "context=Circular_Buffer:1, count"
"Thread-3", "589", "A5_Part2.java:68", "Field Write", "context=Circular_Buffer:1, count=3"
"Thread-3", "590", "A5_Part2.java:69", "Line Step", "file=A5_Part2.java, line=69"
"Thread-3", "591", "A5_Part2.java:69", "Method Exit", "returner=Circular_Buffer:1#put:8, value=<void>"
"Thread-3", "592", "A5_Part2.java:92", "Method Returned", ""
"Thread-3", "593", "A5_Part2.java:93", "Line Step", "file=A5_Part2.java, line=93"
"Thread-3", "594", "A5_Part2.java:82", "Line Step", "file=A5_Part2.java, line=82"
"Thread-3", "595", "A5_Part2.java:82", "Field Read", "context=Circular_Buffer:1, count"
"Thread-3", "596", "A5_Part2.java:82", "Variable Delete", "method=Circular_Buffer:1#run:1 <name=v,type=int (id=7),value=<?>,index=1>"
"Thread-3", "597", "A5_Part2.java:86", "Line Step", "file=A5_Part2.java, line=86"
"Thread-3", "598", "A5_Part2.java:86", "Field Read", "context=Circular_Buffer:1, count"
"Thread-3", "599", "A5_Part2.java:89", "Line Step", "file=A5_Part2.java, line=89"
"Thread-3", "600", "A5_Part2.java:89", "Field Read", "context=Circular_Buffer:1, data"
"Thread-3", "601", "A5_Part2.java:89", "Field Read", "context=Circular_Buffer:1, g"
"Thread-1", "602", "A5_Part2.java:33", "Line Step", "file=A5_Part2.java, line=33"
"Thread-3", "603", "A5_Part2.java:90", "Line Step", "file=A5_Part2.java, line=90"
"Thread-1", "604", "A5_Part2.java:33", "Variable Write", "context=Producer:1#run:1, v=10"
"Thread-1", "605", "A5_Part2.java:34", "Line Step", "file=A5_Part2.java, line=34"
"Thread-3", "606", "A5_Part2.java:91", "Line Step", "file=A5_Part2.java, line=91"
"Thread-3", "607", "A5_Part2.java:91", "Variable Write", "context=Circular_Buffer:1#run:1, v=9"
"Thread-3", "608", "A5_Part2.java:92", "Line Step", "file=A5_Part2.java, line=92"
"Thread-3", "609", "A5_Part2.java:92", "Method Call", "caller=Circular_Buffer:1#run:1, target=Circular_Buffer:1#put:9"
"Thread-3", "610", "A5_Part2.java:63", "Method Entered", ""
"Thread-3", "611", "A5_Part2.java:63", "Variable Write", "context=Circular_Buffer:1#put:9, v=9"
"Thread-3", "612", "A5_Part2.java:64", "Line Step", "file=A5_Part2.java, line=64"
"Thread-3", "613", "A5_Part2.java:64", "Field Read", "context=Circular_Buffer:1, data"
"Thread-3", "614", "A5_Part2.java:64", "Field Read", "context=Circular_Buffer:1, p"
"Thread-3", "615", "A5_Part2.java:65", "Line Step", "file=A5_Part2.java, line=65"
"Thread-3", "616", "A5_Part2.java:65", "Field Read", "context=Circular_Buffer:1, p"
"Thread-3", "617", "A5_Part2.java:65", "Field Write", "context=Circular_Buffer:1, p=4"
"Thread-3", "618", "A5_Part2.java:66", "Line Step", "file=A5_Part2.java, line=66"
"Thread-3", "619", "A5_Part2.java:66", "Field Write", "context=Circular_Buffer:1, state=""Put:9"""
"Thread-3", "620", "A5_Part2.java:67", "Line Step", "file=A5_Part2.java, line=67"
"Thread-3", "621", "A5_Part2.java:67", "Field Read", "context=Circular_Buffer:1, state"
"Thread-3", "622", "A5_Part2.java:68", "Line Step", "file=A5_Part2.java, line=68"
"Thread-3", "623", "A5_Part2.java:68", "Field Read", "context=Circular_Buffer:1, count"
"Thread-3", "624", "A5_Part2.java:68", "Field Write", "context=Circular_Buffer:1, count=4"
"Thread-3", "625", "A5_Part2.java:69", "Line Step", "file=A5_Part2.java, line=69"
"Thread-3", "626", "A5_Part2.java:69", "Method Exit", "returner=Circular_Buffer:1#put:9, value=<void>"
"Thread-3", "627", "A5_Part2.java:92", "Method Returned", ""
"Thread-3", "628", "A5_Part2.java:93", "Line Step", "file=A5_Part2.java, line=93"
"Thread-3", "629", "A5_Part2.java:82", "Line Step", "file=A5_Part2.java, line=82"
"Thread-3", "630", "A5_Part2.java:82", "Field Read", "context=Circular_Buffer:1, count"
"Thread-3", "631", "A5_Part2.java:82", "Variable Delete", "method=Circular_Buffer:1#run:1 <name=v,type=int (id=7),value=<?>,index=1>"
"Thread-3", "632", "A5_Part2.java:86", "Line Step", "file=A5_Part2.java, line=86"
"Thread-3", "633", "A5_Part2.java:86", "Field Read", "context=Circular_Buffer:1, count"
"Thread-3", "634", "A5_Part2.java:89", "Line Step", "file=A5_Part2.java, line=89"
"Thread-3", "635", "A5_Part2.java:89", "Field Read", "context=Circular_Buffer:1, data"
"Thread-3", "636", "A5_Part2.java:89", "Field Read", "context=Circular_Buffer:1, g"
"Thread-3", "637", "A5_Part2.java:90", "Line Step", "file=A5_Part2.java, line=90"
"Thread-2", "638", "A5_Part2.java:47", "Line Step", "file=A5_Part2.java, line=47"
"Thread-3", "639", "A5_Part2.java:93", "Line Step", "file=A5_Part2.java, line=93"
"Thread-2", "640", "A5_Part2.java:42", "Line Step", "file=A5_Part2.java, line=42"
"Thread-3", "641", "A5_Part2.java:94", "Line Step", "file=A5_Part2.java, line=94"
"Thread-2", "642", "A5_Part2.java:43", "Line Step", "file=A5_Part2.java, line=43"
"Thread-3", "643", "A5_Part2.java:94", "Method Call", "caller=Circular_Buffer:1#run:1, target=Circular_Buffer:1#get:6"
"Thread-3", "644", "A5_Part2.java:71", "Method Entered", ""
"Thread-3", "645", "A5_Part2.java:72", "Line Step", "file=A5_Part2.java, line=72"
"Thread-3", "646", "A5_Part2.java:72", "Field Read", "context=Circular_Buffer:1, data"
"Thread-3", "647", "A5_Part2.java:72", "Field Read", "context=Circular_Buffer:1, g"
"Thread-3", "648", "A5_Part2.java:72", "Variable Write", "context=Circular_Buffer:1#get:6, v=6"
"Thread-3", "649", "A5_Part2.java:73", "Line Step", "file=A5_Part2.java, line=73"
"Thread-3", "650", "A5_Part2.java:73", "Field Read", "context=Circular_Buffer:1, g"
"Thread-3", "651", "A5_Part2.java:73", "Field Write", "context=Circular_Buffer:1, g=1"
"Thread-3", "652", "A5_Part2.java:74", "Line Step", "file=A5_Part2.java, line=74"
"Thread-3", "653", "A5_Part2.java:74", "Field Read", "context=Circular_Buffer:1, count"
"Thread-3", "654", "A5_Part2.java:74", "Field Write", "context=Circular_Buffer:1, count=3"
"Thread-3", "655", "A5_Part2.java:75", "Line Step", "file=A5_Part2.java, line=75"
"Thread-3", "656", "A5_Part2.java:75", "Field Write", "context=Circular_Buffer:1, state=""Get:6"""
"Thread-3", "657", "A5_Part2.java:76", "Line Step", "file=A5_Part2.java, line=76"
"Thread-3", "658", "A5_Part2.java:76", "Field Read", "context=Circular_Buffer:1, state"
"Thread-3", "659", "A5_Part2.java:77", "Line Step", "file=A5_Part2.java, line=77"
"Thread-3", "660", "A5_Part2.java:77", "Variable Write", "context=Circular_Buffer:1#get:6, result=6"
"Thread-3", "661", "A5_Part2.java:77", "Method Exit", "returner=Circular_Buffer:1#get:6, value=6"
"Thread-3", "662", "A5_Part2.java:94", "Method Returned", ""
"Thread-3", "663", "A5_Part2.java:94", "Line Step", "file=A5_Part2.java, line=94"
"Thread-3", "664", "A5_Part2.java:81", "Line Step", "file=A5_Part2.java, line=81"
"Thread-3", "665", "A5_Part2.java:82", "Line Step", "file=A5_Part2.java, line=82"
"Thread-3", "666", "A5_Part2.java:82", "Field Read", "context=Circular_Buffer:1, count"
"Thread-3", "667", "A5_Part2.java:86", "Line Step", "file=A5_Part2.java, line=86"
"Thread-3", "668", "A5_Part2.java:86", "Field Read", "context=Circular_Buffer:1, count"
"Thread-3", "669", "A5_Part2.java:89", "Line Step", "file=A5_Part2.java, line=89"
"Thread-3", "670", "A5_Part2.java:89", "Field Read", "context=Circular_Buffer:1, data"
"Thread-3", "671", "A5_Part2.java:89", "Field Read", "context=Circular_Buffer:1, g"
"Thread-1", "672", "A5_Part2.java:33", "Line Step", "file=A5_Part2.java, line=33"
"Thread-3", "673", "A5_Part2.java:90", "Line Step", "file=A5_Part2.java, line=90"
"Thread-1", "674", "A5_Part2.java:36", "Line Step", "file=A5_Part2.java, line=36"
"Thread-3", "675", "A5_Part2.java:91", "Line Step", "file=A5_Part2.java, line=91"
"Thread-1", "676", "A5_Part2.java:36", "Variable Delete", "method=Producer:1#run:1 <name=v,type=int (id=7),value=<?>,index=0>"
"Thread-1", "677", "A5_Part2.java:36", "Method Exit", "returner=Producer:1#run:1, value=<void>"
"Thread-3", "678", "A5_Part2.java:91", "Variable Write", "context=Circular_Buffer:1#run:1, v=10"
"Thread-3", "679", "A5_Part2.java:92", "Line Step", "file=A5_Part2.java, line=92"
"Thread-2", "680", "A5_Part2.java:44", "Line Step", "file=A5_Part2.java, line=44"
"Thread-1", "681", "A5_Part2.java:36", "Exception Throw", "exception=null, thrower=LProducer;.run(), framePopped=true"
"Thread-1", "682", "SYSTEM", "Method Returned", ""
"Thread-1", "683", "SYSTEM", "Thread End", ""
"Thread-3", "684", "A5_Part2.java:92", "Method Call", "caller=Circular_Buffer:1#run:1, target=Circular_Buffer:1#put:10"
"Thread-3", "685", "A5_Part2.java:63", "Method Entered", ""
"Thread-3", "686", "A5_Part2.java:63", "Variable Write", "context=Circular_Buffer:1#put:10, v=10"
"Thread-3", "687", "A5_Part2.java:64", "Line Step", "file=A5_Part2.java, line=64"
"Thread-2", "688", "A5_Part2.java:46", "Line Step", "file=A5_Part2.java, line=46"
"Thread-3", "689", "A5_Part2.java:64", "Field Read", "context=Circular_Buffer:1, data"
"Thread-3", "690", "A5_Part2.java:64", "Field Read", "context=Circular_Buffer:1, p"
"Thread-3", "691", "A5_Part2.java:65", "Line Step", "file=A5_Part2.java, line=65"
"Thread-3", "692", "A5_Part2.java:65", "Field Read", "context=Circular_Buffer:1, p"
"Thread-3", "693", "A5_Part2.java:65", "Field Write", "context=Circular_Buffer:1, p=0"
"Thread-3", "694", "A5_Part2.java:66", "Line Step", "file=A5_Part2.java, line=66"
"Thread-3", "695", "A5_Part2.java:66", "Field Write", "context=Circular_Buffer:1, state=""Put:10"""
"Thread-3", "696", "A5_Part2.java:67", "Line Step", "file=A5_Part2.java, line=67"
"Thread-3", "697", "A5_Part2.java:67", "Field Read", "context=Circular_Buffer:1, state"
"Thread-3", "698", "A5_Part2.java:68", "Line Step", "file=A5_Part2.java, line=68"
"Thread-3", "699", "A5_Part2.java:68", "Field Read", "context=Circular_Buffer:1, count"
"Thread-3", "700", "A5_Part2.java:68", "Field Write", "context=Circular_Buffer:1, count=4"
"Thread-3", "701", "A5_Part2.java:69", "Line Step", "file=A5_Part2.java, line=69"
"Thread-3", "702", "A5_Part2.java:69", "Method Exit", "returner=Circular_Buffer:1#put:10, value=<void>"
"Thread-3", "703", "A5_Part2.java:92", "Method Returned", ""
"Thread-3", "704", "A5_Part2.java:93", "Line Step", "file=A5_Part2.java, line=93"
"Thread-3", "705", "A5_Part2.java:82", "Line Step", "file=A5_Part2.java, line=82"
"Thread-3", "706", "A5_Part2.java:82", "Field Read", "context=Circular_Buffer:1, count"
"Thread-3", "707", "A5_Part2.java:82", "Variable Delete", "method=Circular_Buffer:1#run:1 <name=v,type=int (id=7),value=<?>,index=1>"
"Thread-3", "708", "A5_Part2.java:86", "Line Step", "file=A5_Part2.java, line=86"
"Thread-3", "709", "A5_Part2.java:86", "Field Read", "context=Circular_Buffer:1, count"
"Thread-3", "710", "A5_Part2.java:89", "Line Step", "file=A5_Part2.java, line=89"
"Thread-3", "711", "A5_Part2.java:89", "Field Read", "context=Circular_Buffer:1, data"
"Thread-3", "712", "A5_Part2.java:89", "Field Read", "context=Circular_Buffer:1, g"
"Thread-2", "713", "A5_Part2.java:47", "Line Step", "file=A5_Part2.java, line=47"
"Thread-3", "714", "A5_Part2.java:90", "Line Step", "file=A5_Part2.java, line=90"
"Thread-2", "715", "A5_Part2.java:42", "Line Step", "file=A5_Part2.java, line=42"
"Thread-3", "716", "A5_Part2.java:93", "Line Step", "file=A5_Part2.java, line=93"
"Thread-2", "717", "A5_Part2.java:43", "Line Step", "file=A5_Part2.java, line=43"
"Thread-3", "718", "A5_Part2.java:94", "Line Step", "file=A5_Part2.java, line=94"
"Thread-3", "719", "A5_Part2.java:94", "Method Call", "caller=Circular_Buffer:1#run:1, target=Circular_Buffer:1#get:7"
"Thread-3", "720", "A5_Part2.java:71", "Method Entered", ""
"Thread-3", "721", "A5_Part2.java:72", "Line Step", "file=A5_Part2.java, line=72"
"Thread-3", "722", "A5_Part2.java:72", "Field Read", "context=Circular_Buffer:1, data"
"Thread-3", "723", "A5_Part2.java:72", "Field Read", "context=Circular_Buffer:1, g"
"Thread-3", "724", "A5_Part2.java:72", "Variable Write", "context=Circular_Buffer:1#get:7, v=7"
"Thread-3", "725", "A5_Part2.java:73", "Line Step", "file=A5_Part2.java, line=73"
"Thread-3", "726", "A5_Part2.java:73", "Field Read", "context=Circular_Buffer:1, g"
"Thread-3", "727", "A5_Part2.java:73", "Field Write", "context=Circular_Buffer:1, g=2"
"Thread-3", "728", "A5_Part2.java:74", "Line Step", "file=A5_Part2.java, line=74"
"Thread-3", "729", "A5_Part2.java:74", "Field Read", "context=Circular_Buffer:1, count"
"Thread-3", "730", "A5_Part2.java:74", "Field Write", "context=Circular_Buffer:1, count=3"
"Thread-3", "731", "A5_Part2.java:75", "Line Step", "file=A5_Part2.java, line=75"
"Thread-3", "732", "A5_Part2.java:75", "Field Write", "context=Circular_Buffer:1, state=""Get:7"""
"Thread-3", "733", "A5_Part2.java:76", "Line Step", "file=A5_Part2.java, line=76"
"Thread-3", "734", "A5_Part2.java:76", "Field Read", "context=Circular_Buffer:1, state"
"Thread-3", "735", "A5_Part2.java:77", "Line Step", "file=A5_Part2.java, line=77"
"Thread-3", "736", "A5_Part2.java:77", "Variable Write", "context=Circular_Buffer:1#get:7, result=7"
"Thread-3", "737", "A5_Part2.java:77", "Method Exit", "returner=Circular_Buffer:1#get:7, value=7"
"Thread-3", "738", "A5_Part2.java:94", "Method Returned", ""
"Thread-3", "739", "A5_Part2.java:94", "Line Step", "file=A5_Part2.java, line=94"
"Thread-3", "740", "A5_Part2.java:81", "Line Step", "file=A5_Part2.java, line=81"
"Thread-3", "741", "A5_Part2.java:82", "Line Step", "file=A5_Part2.java, line=82"
"Thread-3", "742", "A5_Part2.java:82", "Field Read", "context=Circular_Buffer:1, count"
"Thread-3", "743", "A5_Part2.java:86", "Line Step", "file=A5_Part2.java, line=86"
"Thread-3", "744", "A5_Part2.java:86", "Field Read", "context=Circular_Buffer:1, count"
"Thread-3", "745", "A5_Part2.java:89", "Line Step", "file=A5_Part2.java, line=89"
"Thread-3", "746", "A5_Part2.java:89", "Field Read", "context=Circular_Buffer:1, data"
"Thread-3", "747", "A5_Part2.java:89", "Field Read", "context=Circular_Buffer:1, g"
"Thread-2", "748", "A5_Part2.java:44", "Line Step", "file=A5_Part2.java, line=44"
"Thread-2", "749", "A5_Part2.java:46", "Line Step", "file=A5_Part2.java, line=46"
"Thread-2", "750", "A5_Part2.java:47", "Line Step", "file=A5_Part2.java, line=47"
"Thread-3", "751", "A5_Part2.java:90", "Line Step", "file=A5_Part2.java, line=90"
"Thread-2", "752", "A5_Part2.java:42", "Line Step", "file=A5_Part2.java, line=42"
"Thread-3", "753", "A5_Part2.java:93", "Line Step", "file=A5_Part2.java, line=93"
"Thread-2", "754", "A5_Part2.java:43", "Line Step", "file=A5_Part2.java, line=43"
"Thread-3", "755", "A5_Part2.java:94", "Line Step", "file=A5_Part2.java, line=94"
"Thread-3", "756", "A5_Part2.java:94", "Method Call", "caller=Circular_Buffer:1#run:1, target=Circular_Buffer:1#get:8"
"Thread-3", "757", "A5_Part2.java:71", "Method Entered", ""
"Thread-3", "758", "A5_Part2.java:72", "Line Step", "file=A5_Part2.java, line=72"
"Thread-3", "759", "A5_Part2.java:72", "Field Read", "context=Circular_Buffer:1, data"
"Thread-3", "760", "A5_Part2.java:72", "Field Read", "context=Circular_Buffer:1, g"
"Thread-3", "761", "A5_Part2.java:72", "Variable Write", "context=Circular_Buffer:1#get:8, v=8"
"Thread-3", "762", "A5_Part2.java:73", "Line Step", "file=A5_Part2.java, line=73"
"Thread-3", "763", "A5_Part2.java:73", "Field Read", "context=Circular_Buffer:1, g"
"Thread-3", "764", "A5_Part2.java:73", "Field Write", "context=Circular_Buffer:1, g=3"
"Thread-3", "765", "A5_Part2.java:74", "Line Step", "file=A5_Part2.java, line=74"
"Thread-3", "766", "A5_Part2.java:74", "Field Read", "context=Circular_Buffer:1, count"
"Thread-3", "767", "A5_Part2.java:74", "Field Write", "context=Circular_Buffer:1, count=2"
"Thread-3", "768", "A5_Part2.java:75", "Line Step", "file=A5_Part2.java, line=75"
"Thread-3", "769", "A5_Part2.java:75", "Field Write", "context=Circular_Buffer:1, state=""Get:8"""
"Thread-3", "770", "A5_Part2.java:76", "Line Step", "file=A5_Part2.java, line=76"
"Thread-3", "771", "A5_Part2.java:76", "Field Read", "context=Circular_Buffer:1, state"
"Thread-3", "772", "A5_Part2.java:77", "Line Step", "file=A5_Part2.java, line=77"
"Thread-3", "773", "A5_Part2.java:77", "Variable Write", "context=Circular_Buffer:1#get:8, result=8"
"Thread-3", "774", "A5_Part2.java:77", "Method Exit", "returner=Circular_Buffer:1#get:8, value=8"
"Thread-3", "775", "A5_Part2.java:94", "Method Returned", ""
"Thread-3", "776", "A5_Part2.java:94", "Line Step", "file=A5_Part2.java, line=94"
"Thread-3", "777", "A5_Part2.java:81", "Line Step", "file=A5_Part2.java, line=81"
"Thread-3", "778", "A5_Part2.java:82", "Line Step", "file=A5_Part2.java, line=82"
"Thread-3", "779", "A5_Part2.java:82", "Field Read", "context=Circular_Buffer:1, count"
"Thread-3", "780", "A5_Part2.java:86", "Line Step", "file=A5_Part2.java, line=86"
"Thread-3", "781", "A5_Part2.java:86", "Field Read", "context=Circular_Buffer:1, count"
"Thread-3", "782", "A5_Part2.java:89", "Line Step", "file=A5_Part2.java, line=89"
"Thread-3", "783", "A5_Part2.java:89", "Field Read", "context=Circular_Buffer:1, data"
"Thread-3", "784", "A5_Part2.java:89", "Field Read", "context=Circular_Buffer:1, g"
"Thread-2", "785", "A5_Part2.java:44", "Line Step", "file=A5_Part2.java, line=44"
"Thread-2", "786", "A5_Part2.java:46", "Line Step", "file=A5_Part2.java, line=46"
"Thread-2", "787", "A5_Part2.java:47", "Line Step", "file=A5_Part2.java, line=47"
"Thread-3", "788", "A5_Part2.java:90", "Line Step", "file=A5_Part2.java, line=90"
"Thread-2", "789", "A5_Part2.java:42", "Line Step", "file=A5_Part2.java, line=42"
"Thread-3", "790", "A5_Part2.java:93", "Line Step", "file=A5_Part2.java, line=93"
"Thread-2", "791", "A5_Part2.java:43", "Line Step", "file=A5_Part2.java, line=43"
"Thread-3", "792", "A5_Part2.java:94", "Line Step", "file=A5_Part2.java, line=94"
"Thread-3", "793", "A5_Part2.java:94", "Method Call", "caller=Circular_Buffer:1#run:1, target=Circular_Buffer:1#get:9"
"Thread-3", "794", "A5_Part2.java:71", "Method Entered", ""
"Thread-3", "795", "A5_Part2.java:72", "Line Step", "file=A5_Part2.java, line=72"
"Thread-3", "796", "A5_Part2.java:72", "Field Read", "context=Circular_Buffer:1, data"
"Thread-3", "797", "A5_Part2.java:72", "Field Read", "context=Circular_Buffer:1, g"
"Thread-3", "798", "A5_Part2.java:72", "Variable Write", "context=Circular_Buffer:1#get:9, v=9"
"Thread-3", "799", "A5_Part2.java:73", "Line Step", "file=A5_Part2.java, line=73"
"Thread-3", "800", "A5_Part2.java:73", "Field Read", "context=Circular_Buffer:1, g"
"Thread-3", "801", "A5_Part2.java:73", "Field Write", "context=Circular_Buffer:1, g=4"
"Thread-3", "802", "A5_Part2.java:74", "Line Step", "file=A5_Part2.java, line=74"
"Thread-3", "803", "A5_Part2.java:74", "Field Read", "context=Circular_Buffer:1, count"
"Thread-3", "804", "A5_Part2.java:74", "Field Write", "context=Circular_Buffer:1, count=1"
"Thread-3", "805", "A5_Part2.java:75", "Line Step", "file=A5_Part2.java, line=75"
"Thread-3", "806", "A5_Part2.java:75", "Field Write", "context=Circular_Buffer:1, state=""Get:9"""
"Thread-3", "807", "A5_Part2.java:76", "Line Step", "file=A5_Part2.java, line=76"
"Thread-3", "808", "A5_Part2.java:76", "Field Read", "context=Circular_Buffer:1, state"
"Thread-3", "809", "A5_Part2.java:77", "Line Step", "file=A5_Part2.java, line=77"
"Thread-3", "810", "A5_Part2.java:77", "Variable Write", "context=Circular_Buffer:1#get:9, result=9"
"Thread-3", "811", "A5_Part2.java:77", "Method Exit", "returner=Circular_Buffer:1#get:9, value=9"
"Thread-3", "812", "A5_Part2.java:94", "Method Returned", ""
"Thread-3", "813", "A5_Part2.java:94", "Line Step", "file=A5_Part2.java, line=94"
"Thread-3", "814", "A5_Part2.java:81", "Line Step", "file=A5_Part2.java, line=81"
"Thread-3", "815", "A5_Part2.java:82", "Line Step", "file=A5_Part2.java, line=82"
"Thread-3", "816", "A5_Part2.java:82", "Field Read", "context=Circular_Buffer:1, count"
"Thread-3", "817", "A5_Part2.java:86", "Line Step", "file=A5_Part2.java, line=86"
"Thread-3", "818", "A5_Part2.java:86", "Field Read", "context=Circular_Buffer:1, count"
"Thread-3", "819", "A5_Part2.java:89", "Line Step", "file=A5_Part2.java, line=89"
"Thread-3", "820", "A5_Part2.java:89", "Field Read", "context=Circular_Buffer:1, data"
"Thread-3", "821", "A5_Part2.java:89", "Field Read", "context=Circular_Buffer:1, g"
"Thread-2", "822", "A5_Part2.java:44", "Line Step", "file=A5_Part2.java, line=44"
"Thread-2", "823", "A5_Part2.java:46", "Line Step", "file=A5_Part2.java, line=46"
"Thread-2", "824", "A5_Part2.java:47", "Line Step", "file=A5_Part2.java, line=47"
"Thread-3", "825", "A5_Part2.java:90", "Line Step", "file=A5_Part2.java, line=90"
"Thread-2", "826", "A5_Part2.java:42", "Line Step", "file=A5_Part2.java, line=42"
"Thread-3", "827", "A5_Part2.java:93", "Line Step", "file=A5_Part2.java, line=93"
"Thread-2", "828", "A5_Part2.java:43", "Line Step", "file=A5_Part2.java, line=43"
"Thread-3", "829", "A5_Part2.java:94", "Line Step", "file=A5_Part2.java, line=94"
"Thread-3", "830", "A5_Part2.java:94", "Method Call", "caller=Circular_Buffer:1#run:1, target=Circular_Buffer:1#get:10"
"Thread-3", "831", "A5_Part2.java:71", "Method Entered", ""
"Thread-3", "832", "A5_Part2.java:72", "Line Step", "file=A5_Part2.java, line=72"
"Thread-3", "833", "A5_Part2.java:72", "Field Read", "context=Circular_Buffer:1, data"
"Thread-3", "834", "A5_Part2.java:72", "Field Read", "context=Circular_Buffer:1, g"
"Thread-3", "835", "A5_Part2.java:72", "Variable Write", "context=Circular_Buffer:1#get:10, v=10"
"Thread-3", "836", "A5_Part2.java:73", "Line Step", "file=A5_Part2.java, line=73"
"Thread-3", "837", "A5_Part2.java:73", "Field Read", "context=Circular_Buffer:1, g"
"Thread-3", "838", "A5_Part2.java:73", "Field Write", "context=Circular_Buffer:1, g=0"
"Thread-3", "839", "A5_Part2.java:74", "Line Step", "file=A5_Part2.java, line=74"
"Thread-3", "840", "A5_Part2.java:74", "Field Read", "context=Circular_Buffer:1, count"
"Thread-3", "841", "A5_Part2.java:74", "Field Write", "context=Circular_Buffer:1, count=0"
"Thread-3", "842", "A5_Part2.java:75", "Line Step", "file=A5_Part2.java, line=75"
"Thread-3", "843", "A5_Part2.java:75", "Field Write", "context=Circular_Buffer:1, state=""Get:10"""
"Thread-3", "844", "A5_Part2.java:76", "Line Step", "file=A5_Part2.java, line=76"
"Thread-3", "845", "A5_Part2.java:76", "Field Read", "context=Circular_Buffer:1, state"
"Thread-3", "846", "A5_Part2.java:77", "Line Step", "file=A5_Part2.java, line=77"
"Thread-3", "847", "A5_Part2.java:77", "Variable Write", "context=Circular_Buffer:1#get:10, result=10"
"Thread-3", "848", "A5_Part2.java:77", "Method Exit", "returner=Circular_Buffer:1#get:10, value=10"
"Thread-3", "849", "A5_Part2.java:94", "Method Returned", ""
"Thread-3", "850", "A5_Part2.java:94", "Line Step", "file=A5_Part2.java, line=94"
"Thread-3", "851", "A5_Part2.java:81", "Line Step", "file=A5_Part2.java, line=81"
"Thread-3", "852", "A5_Part2.java:82", "Line Step", "file=A5_Part2.java, line=82"
"Thread-3", "853", "A5_Part2.java:82", "Field Read", "context=Circular_Buffer:1, count"
"Thread-3", "854", "A5_Part2.java:83", "Line Step", "file=A5_Part2.java, line=83"
"Thread-2", "855", "A5_Part2.java:44", "Line Step", "file=A5_Part2.java, line=44"
"Thread-2", "856", "A5_Part2.java:46", "Line Step", "file=A5_Part2.java, line=46"
